,test,train
1,0.927797833935018,1.0
2,0.9025270758122743,0.9930232558139535
5,0.8267148014440433,0.8868217054263566
8,0.7527075812274369,0.8116279069767441
10,0.7274368231046932,0.7798449612403101
